bid_id,bid_date,bidder_user_id,ads_id,advertiser_user_id,product_id,product_brand,product_model,product_body_type,product_year,product_price,bid_price ,bid_status,is_active
1,1/6/2022 18:14,6,3,5,49,Suzuki,Suzuki Ertiga,MPV,2012,100000000,90000000,sent,1
2,1/7/2022 13:46,2,4,6,5,Toyota,Toyota Yaris,Hatchback,2012,124000000,111600000,sent,1
3,1/8/2022 9:34,88,5,32,35,Honda,Honda Jazz,Hatchback,2013,178000000,160200000,sent,1
4,1/8/2022 10:32,57,6,43,44,Honda,Honda Civic,Sedan,2013,179000000,161100000,sent,1
5,1/8/2022 15:29,36,7,58,43,Honda,Honda Civic,Sedan,2013,186000000,167400000,sent,1
6,1/10/2022 0:29,91,8,78,7,Toyota,Toyota Agya,Hatchback,2014,97000000,87300000,sent,1
7,1/10/2022 1:29,91,8,78,7,Toyota,Toyota Agya,Hatchback,2014,97000000,87800000,sent,1
8,1/10/2022 2:18,94,9,72,29,Daihatsu,Daihatsu Xenia,MPV,2014,100000000,90000000,sent,1
9,1/11/2022 11:39,42,10,2,3,Toyota,Toyota Yaris,Hatchback,2014,162000000,145800000,sent,1
10,1/11/2022 11:39,85,10,2,3,Toyota,Toyota Yaris,Hatchback,2014,162000000,145800000,sent,1
11,1/12/2022 4:24,21,12,76,46,Suzuki,Suzuki Ertiga,MPV,2015,125000000,112500000,sent,1
12,1/12/2022 4:24,31,12,76,46,Suzuki,Suzuki Ertiga,MPV,2015,125000000,112500000,sent,1
13,1/13/2022 3:08,1,14,84,16,Daihatsu,Daihatsu Ayla,Hatchback,2016,83000000,74700000,sent,1
14,1/13/2022 15:08,79,15,83,14,Toyota,Toyota Calya,Wagon,2016,104000000,93600000,sent,1
15,1/13/2022 15:56,54,16,10,15,Toyota,Toyota Calya,Wagon,2016,107000000,96300000,sent,1
16,1/13/2022 19:01,24,17,47,8,Toyota,Toyota Agya,Hatchback,2016,110000000,99000000,sent,1
17,1/13/2022 19:01,78,17,47,8,Toyota,Toyota Agya,Hatchback,2016,110000000,99000000,sent,1
18,1/14/2022 6:16,62,19,12,1,Toyota,Toyota Yaris,Hatchback,2016,175000000,157500000,sent,1
19,1/14/2022 6:16,12,20,100,39,Honda,Honda CR-V,SUV,2016,269000000,157500000,sent,1
20,1/15/2022 4:08,89,21,1,20,Daihatsu,Daihatsu Ayla,Hatchback,2017,113000000,101700000,sent,1
21,1/15/2022 8:39,41,22,35,19,Daihatsu,Daihatsu Ayla,Hatchback,2017,115000000,103500000,sent,1
22,1/15/2022 8:39,26,22,35,19,Daihatsu,Daihatsu Ayla,Hatchback,2017,115000000,103500000,sent,1
23,1/19/2022 7:15,5,33,60,2,Toyota,Toyota Yaris,Hatchback,2018,215000000,193500000,sent,1
24,1/19/2022 10:32,81,34,70,33,Honda,Honda Jazz,Hatchback,2018,216000000,194400000,sent,1
25,1/19/2022 20:07,16,35,95,31,Honda,Honda Jazz,Hatchback,2018,236000000,212400000,sent,1
26,1/19/2022 20:07,68,35,95,31,Honda,Honda Jazz,Hatchback,2018,236000000,212400000,sent,1
27,1/20/2022 3:46,61,37,34,40,Honda,Honda CR-V,SUV,2018,398500000,358650000,sent,1
28,1/21/2022 3:46,61,37,34,40,Honda,Honda CR-V,SUV,2018,398500000,388650000,sent,1
29,1/20/2022 13:11,14,38,37,36,Honda,Honda CR-V,SUV,2018,415000000,373500000,sent,1
30,1/20/2022 13:11,44,38,37,36,Honda,Honda CR-V,SUV,2018,415000000,373500000,sent,1
31,1/20/2022 22:07,23,40,63,17,Daihatsu,Daihatsu Ayla,Hatchback,2019,120000000,108000000,sent,1
32,1/20/2022 22:07,99,40,63,17,Daihatsu,Daihatsu Ayla,Hatchback,2019,120000000,108000000,sent,1
33,1/21/2022 1:54,65,42,86,12,Toyota,Toyota Calya,Wagon,2019,137000000,123300000,sent,1
34,1/21/2022 13:14,70,43,22,26,Daihatsu,Daihatsu Xenia,MPV,2019,170000000,153000000,sent,1
35,1/21/2022 13:14,28,43,22,26,Daihatsu,Daihatsu Xenia,MPV,2019,170000000,153000000,sent,1
36,1/22/2022 3:26,32,45,54,32,Honda,Honda Jazz,Hatchback,2019,250000000,225000000,sent,1
37,1/22/2022 8:41,56,46,33,45,Honda,Honda Civic,Hatchback,2019,397500000,357750000,sent,1
38,1/22/2022 8:41,93,46,33,45,Honda,Honda Civic,Hatchback,2019,397500000,357750000,sent,1
39,1/22/2022 22:48,72,48,55,9,Toyota,Toyota Agya,Hatchback,2022,155500000,139950000,sent,1
40,1/22/2022 22:48,33,48,55,9,Toyota,Toyota Agya,Hatchback,2022,155500000,139950000,sent,1
41,1/23/2022 0:53,15,50,69,22,Daihatsu,Daihatsu Terios,SUV,2022,223000000,200700000,sent,1
42,1/23/2022 0:53,76,50,69,22,Daihatsu,Daihatsu Terios,SUV,2022,223000000,200700000,sent,1
43,1/23/2022 16:29,71,52,57,9,Toyota,Toyota Agya,Hatchback,2022,155500000,139950000,sent,1
44,1/24/2022 4:30,3,53,61,12,Toyota,Toyota Calya,Wagon,2019,137000000,123300000,sent,1
45,1/24/2022 4:30,92,53,61,12,Toyota,Toyota Calya,Wagon,2019,137000000,123300000,sent,1
46,1/24/2022 14:10,46,55,66,11,Toyota,Toyota Calya,Wagon,2019,130000000,117000000,sent,1
47,1/24/2022 14:10,34,55,66,11,Toyota,Toyota Calya,Wagon,2019,130000000,117000000,sent,1
48,1/25/2022 19:33,77,57,87,5,Toyota,Toyota Yaris,Hatchback,2012,124000000,111600000,sent,1
49,1/25/2022 19:33,48,57,87,5,Toyota,Toyota Yaris,Hatchback,2012,124000000,111600000,sent,1
50,1/26/2022 2:05,96,59,26,38,Honda,Honda CR-V,SUV,2009,116000000,104400000,sent,1
51,1/26/2022 17:53,38,60,85,10,Toyota,Toyota Agya,Hatchback,2017,115500000,103950000,sent,1
52,1/26/2022 17:53,13,60,85,10,Toyota,Toyota Agya,Hatchback,2017,115500000,103950000,sent,1
53,1/26/2022 22:50,84,62,30,19,Daihatsu,Daihatsu Ayla,Hatchback,2017,115000000,103500000,sent,1
54,1/26/2022 22:50,51,62,30,19,Daihatsu,Daihatsu Ayla,Hatchback,2017,115000000,103500000,sent,1
55,1/28/2022 5:45,60,64,65,20,Daihatsu,Daihatsu Ayla,Hatchback,2017,113000000,101700000,sent,1
56,1/29/2022 5:37,97,65,36,8,Toyota,Toyota Agya,Hatchback,2016,110000000,99000000,sent,1
57,1/29/2022 5:37,73,65,36,8,Toyota,Toyota Agya,Hatchback,2016,110000000,99000000,sent,1
58,1/30/2022 0:16,11,67,81,14,Toyota,Toyota Calya,Wagon,2016,104000000,93600000,sent,1
59,1/30/2022 0:16,100,67,81,14,Toyota,Toyota Calya,Wagon,2016,104000000,93600000,sent,1
60,1/30/2022 7:54,53,69,50,49,Suzuki,Suzuki Ertiga,MPV,2012,100000000,90000000,sent,1
61,1/30/2022 7:54,35,69,50,49,Suzuki,Suzuki Ertiga,MPV,2012,100000000,90000000,sent,1
62,1/30/2022 22:00,4,71,49,18,Daihatsu,Daihatsu Ayla,Hatchback,2015,96000000,86400000,sent,1
63,1/31/2022 4:12,49,72,24,16,Daihatsu,Daihatsu Ayla,Hatchback,2016,83000000,74700000,sent,1
64,1/31/2022 4:12,75,72,24,16,Daihatsu,Daihatsu Ayla,Hatchback,2016,83000000,74700000,sent,1
65,2/1/2022 7:28,98,74,16,15,Toyota,Toyota Calya,Wagon,2016,107000000,96300000,sent,1
66,2/1/2022 7:28,55,74,16,15,Toyota,Toyota Calya,Wagon,2016,107000000,96300000,sent,1
67,2/2/2022 10:51,8,76,36,11,Toyota,Toyota Calya,Wagon,2019,130000000,117000000,sent,1
68,2/4/2022 1:06,18,77,99,12,Toyota,Toyota Calya,Wagon,2019,137000000,123300000,sent,1
69,2/4/2022 3:07,69,78,98,38,Honda,Honda CR-V,SUV,2009,116000000,104400000,sent,1
70,2/4/2022 3:07,25,78,98,38,Honda,Honda CR-V,SUV,2009,116000000,104400000,sent,1
71,2/4/2022 23:54,27,80,34,24,Daihatsu,Daihatsu Terios,SUV,2017,166000000,149400000,sent,1
72,2/5/2022 23:54,27,80,34,24,Daihatsu,Daihatsu Terios,SUV,2017,166000000,159400000,sent,1
73,2/5/2022 4:32,64,81,97,37,Honda,Honda CR-V,SUV,2017,345000000,310500000,sent,1
74,2/5/2022 9:48,22,82,96,21,Daihatsu,Daihatsu Terios,SUV,2018,190000000,171000000,sent,1
75,2/5/2022 20:53,86,83,33,25,Daihatsu,Daihatsu Terios,SUV,2018,201000000,180900000,sent,1
76,2/6/2022 3:28,30,84,32,40,Honda,Honda CR-V,SUV,2018,398500000,358650000,sent,1
77,2/6/2022 4:49,7,85,95,36,Honda,Honda CR-V,SUV,2018,415000000,373500000,sent,1
78,2/6/2022 13:36,80,86,31,23,Daihatsu,Daihatsu Terios,SUV,2019,189900000,170910000,sent,1
79,2/6/2022 15:25,90,87,30,22,Daihatsu,Daihatsu Terios,SUV,2022,223000000,200700000,sent,1
80,2/6/2022 23:16,19,88,29,42,Honda,Honda Civic,Sedan,2010,165000000,148500000,sent,1
81,2/8/2022 8:23,40,89,28,44,Honda,Honda Civic,Sedan,2013,179000000,161100000,sent,1
82,2/8/2022 8:53,47,90,27,43,Honda,Honda Civic,Sedan,2013,186000000,167400000,sent,1
83,2/8/2022 13:33,95,91,26,49,Suzuki,Suzuki Ertiga,MPV,2012,100000000,90000000,sent,1
84,2/9/2022 3:20,67,92,25,29,Daihatsu,Daihatsu Xenia,MPV,2014,100000000,90000000,sent,1
85,2/9/2022 5:13,74,93,88,46,Suzuki,Suzuki Ertiga,MPV,2015,125000000,112500000,sent,1
86,2/9/2022 23:16,83,94,87,48,Suzuki,Suzuki Ertiga,MPV,2016,168000000,151200000,sent,1
87,2/10/2022 22:05,9,95,24,28,Daihatsu,Daihatsu Xenia,MPV,2017,135000000,121500000,sent,1
88,2/11/2022 2:28,37,96,23,30,Daihatsu,Daihatsu Xenia,MPV,2018,159000000,143100000,sent,1
89,2/11/2022 7:51,6,97,86,50,Suzuki,Suzuki Ertiga,MPV,2018,167000000,150300000,sent,1
90,2/11/2022 11:34,2,98,22,47,Suzuki,Suzuki Ertiga,MPV,2018,178000000,160200000,sent,1
91,2/11/2022 11:41,88,99,85,26,Daihatsu,Daihatsu Xenia,MPV,2019,170000000,153000000,sent,1
92,2/11/2022 13:28,57,100,84,27,Daihatsu,Daihatsu Xenia,MPV,2022,220500000,198450000,sent,1
93,2/12/2022 2:21,36,101,21,5,Toyota,Toyota Yaris,Hatchback,2012,124000000,111600000,sent,1
94,2/12/2022 10:42,91,102,83,35,Honda,Honda Jazz,Hatchback,2013,178000000,160200000,sent,1
95,2/13/2022 1:24,94,103,20,7,Toyota,Toyota Agya,Hatchback,2014,97000000,87300000,sent,1
96,2/13/2022 16:57,42,104,19,3,Toyota,Toyota Yaris,Hatchback,2014,162000000,145800000,sent,1
97,3/5/2022 20:00,85,156,42,8,Toyota,Toyota Agya,Hatchback,2016,110000000,99000000,sent,1
98,3/7/2022 20:00,85,156,42,8,Toyota,Toyota Agya,Hatchback,2016,110000000,100000000,sent,1
99,3/5/2022 22:53,21,157,7,48,Suzuki,Suzuki Ertiga,MPV,2016,168000000,151200000,sent,1
100,3/5/2022 23:09,31,158,41,39,Honda,Honda CR-V,SUV,2016,269000000,242100000,sent,1
101,3/6/2022 0:31,1,159,6,16,Daihatsu,Daihatsu Ayla,Hatchback,2016,83000000,74700000,sent,1
102,3/6/2022 12:33,79,160,40,46,Suzuki,Suzuki Ertiga,MPV,2015,125000000,112500000,sent,1
103,3/6/2022 20:26,54,161,5,34,Honda,Honda Jazz,Hatchback,2015,192000000,172800000,sent,1
104,3/7/2022 4:01,24,162,39,18,Daihatsu,Daihatsu Ayla,Hatchback,2015,96000000,86400000,sent,1
105,3/7/2022 11:19,50,163,4,3,Toyota,Toyota Yaris,Hatchback,2014,162000000,145800000,sent,1
106,3/7/2022 17:42,66,164,38,7,Toyota,Toyota Agya,Hatchback,2014,97000000,87300000,sent,1
107,3/8/2022 4:36,17,165,3,29,Daihatsu,Daihatsu Xenia,MPV,2014,100000000,90000000,sent,1
108,3/8/2022 6:12,10,166,100,35,Honda,Honda Jazz,Hatchback,2013,178000000,160200000,sent,1
109,3/8/2022 14:24,87,167,37,44,Honda,Honda Civic,Sedan,2013,179000000,161100000,sent,1
110,3/8/2022 20:00,82,168,91,43,Honda,Honda Civic,Sedan,2013,186000000,167400000,sent,1
111,3/9/2022 3:35,29,169,90,5,Toyota,Toyota Yaris,Hatchback,2012,124000000,111600000,sent,1
112,3/9/2022 16:39,20,170,93,49,Suzuki,Suzuki Ertiga,MPV,2012,100000000,90000000,sent,1
113,3/9/2022 20:29,58,171,1,42,Honda,Honda Civic,Sedan,2010,165000000,148500000,sent,1
114,3/10/2022 23:02,59,172,2,38,Honda,Honda CR-V,SUV,2009,116000000,104400000,sent,1
115,3/11/2022 4:02,43,173,94,36,Honda,Honda CR-V,SUV,2018,415000000,373500000,sent,1
116,3/11/2022 16:04,39,174,92,40,Honda,Honda CR-V,SUV,2018,398500000,358650000,sent,1
117,3/11/2022 21:25,63,175,89,45,Honda,Honda Civic,Hatchback,2019,397500000,357750000,sent,1
118,3/11/2022 21:57,52,176,97,41,Honda,Honda Civic,Hatchback,2018,350000000,315000000,sent,1
119,3/12/2022 12:48,45,177,20,37,Honda,Honda CR-V,SUV,2017,345000000,310500000,sent,1
120,3/12/2022 12:52,229,178,16,39,Honda,Honda CR-V,SUV,2016,269000000,242100000,sent,1
121,3/12/2022 21:43,529,179,10,32,Honda,Honda Jazz,Hatchback,2019,250000000,225000000,sent,1
122,3/12/2022 21:43,553,179,10,32,Honda,Honda Jazz,Hatchback,2019,250000000,225000000,sent,1
123,3/13/2022 9:16,361,181,49,22,Daihatsu,Daihatsu Terios,SUV,2022,223000000,200700000,sent,1
124,3/13/2022 9:16,474,181,49,22,Daihatsu,Daihatsu Terios,SUV,2022,223000000,200700000,sent,1
125,3/13/2022 9:16,389,181,49,22,Daihatsu,Daihatsu Terios,SUV,2022,223000000,200700000,sent,1
126,3/14/2022 7:25,605,184,99,33,Honda,Honda Jazz,Hatchback,2018,216000000,194400000,sent,1
127,3/14/2022 7:25,688,184,99,33,Honda,Honda Jazz,Hatchback,2018,216000000,194400000,sent,1
128,3/15/2022 13:16,147,186,94,25,Daihatsu,Daihatsu Terios,SUV,2018,201000000,180900000,sent,1
129,3/15/2022 18:01,284,187,36,34,Honda,Honda Jazz,Hatchback,2015,192000000,172800000,sent,1
130,3/15/2022 18:01,197,187,36,34,Honda,Honda Jazz,Hatchback,2015,192000000,172800000,sent,1
131,3/15/2022 18:01,328,187,36,34,Honda,Honda Jazz,Hatchback,2015,192000000,172800000,sent,1
132,3/15/2022 18:01,279,187,36,34,Honda,Honda Jazz,Hatchback,2015,192000000,172800000,sent,1
133,3/16/2022 18:01,279,187,36,34,Honda,Honda Jazz,Hatchback,2015,192000000,182800000,sent,1
134,3/17/2022 15:03,462,191,88,44,Honda,Honda Civic,Sedan,2013,179000000,161100000,sent,1
135,3/17/2022 21:48,499,192,85,35,Honda,Honda Jazz,Hatchback,2013,178000000,160200000,sent,1
136,3/18/2022 5:00,606,193,26,47,Suzuki,Suzuki Ertiga,MPV,2018,178000000,160200000,sent,1
137,3/18/2022 5:00,268,193,26,47,Suzuki,Suzuki Ertiga,MPV,2018,178000000,160200000,sent,1
138,3/18/2022 13:27,115,195,87,26,Daihatsu,Daihatsu Xenia,MPV,2019,170000000,153000000,sent,1
139,3/18/2022 13:27,144,195,87,26,Daihatsu,Daihatsu Xenia,MPV,2019,170000000,153000000,sent,1
140,3/19/2022 9:37,114,197,66,50,Suzuki,Suzuki Ertiga,MPV,2018,167000000,150300000,sent,1
141,3/19/2022 9:37,142,197,66,50,Suzuki,Suzuki Ertiga,MPV,2018,167000000,150300000,sent,1
142,3/19/2022 12:01,318,199,61,42,Honda,Honda Civic,Sedan,2010,165000000,148500000,sent,1
143,3/19/2022 12:01,573,199,61,42,Honda,Honda Civic,Sedan,2010,165000000,148500000,sent,1
144,3/20/2022 4:05,531,201,92,30,Daihatsu,Daihatsu Xenia,MPV,2018,159000000,143100000,sent,1
145,3/20/2022 6:06,602,202,69,9,Toyota,Toyota Agya,Hatchback,2022,155500000,139950000,sent,1
146,3/20/2022 11:58,530,203,38,12,Toyota,Toyota Calya,Wagon,2019,137000000,123300000,sent,1
147,3/21/2022 7:19,321,204,55,28,Daihatsu,Daihatsu Xenia,MPV,2017,135000000,121500000,sent,1
148,3/21/2022 9:19,475,205,39,11,Toyota,Toyota Calya,Wagon,2019,130000000,117000000,sent,1
149,3/21/2022 19:52,338,206,33,46,Suzuki,Suzuki Ertiga,MPV,2015,125000000,112500000,sent,1
150,3/21/2022 23:27,617,207,54,5,Toyota,Toyota Yaris,Hatchback,2012,124000000,111600000,sent,1
151,3/22/2022 9:44,512,208,77,17,Daihatsu,Daihatsu Ayla,Hatchback,2019,120000000,108000000,sent,1
152,3/22/2022 10:29,373,209,22,38,Honda,Honda CR-V,SUV,2009,116000000,104400000,sent,1
153,3/22/2022 11:02,295,210,86,10,Toyota,Toyota Agya,Hatchback,2017,115500000,103950000,sent,1
154,3/22/2022 15:52,335,211,96,13,Toyota,Toyota Calya,Wagon,2017,115500000,103950000,sent,1
155,3/23/2022 0:45,669,212,63,19,Daihatsu,Daihatsu Ayla,Hatchback,2017,115000000,103500000,sent,1
156,3/23/2022 3:51,594,213,29,6,Toyota,Toyota Agya,Hatchback,2019,114000000,102600000,sent,1
157,3/23/2022 13:28,507,214,37,20,Daihatsu,Daihatsu Ayla,Hatchback,2017,113000000,101700000,sent,1
158,3/23/2022 22:15,615,215,34,8,Toyota,Toyota Agya,Hatchback,2016,110000000,99000000,sent,1
159,3/23/2022 23:27,319,216,56,15,Toyota,Toyota Calya,Wagon,2016,107000000,96300000,sent,1
160,3/24/2022 0:00,439,217,95,14,Toyota,Toyota Calya,Wagon,2016,104000000,93600000,sent,1
161,3/24/2022 0:15,682,218,70,29,Daihatsu,Daihatsu Xenia,MPV,2014,100000000,90000000,sent,1
162,3/24/2022 4:07,170,219,60,49,Suzuki,Suzuki Ertiga,MPV,2012,100000000,90000000,sent,1
163,3/24/2022 4:52,544,220,53,7,Toyota,Toyota Agya,Hatchback,2014,97000000,87300000,sent,1
164,3/24/2022 5:22,260,221,4,18,Daihatsu,Daihatsu Ayla,Hatchback,2015,96000000,86400000,sent,1
165,3/24/2022 11:12,554,222,89,16,Daihatsu,Daihatsu Ayla,Hatchback,2016,83000000,74700000,sent,1
166,3/24/2022 12:26,124,223,17,18,Daihatsu,Daihatsu Ayla,Hatchback,2015,96000000,86400000,sent,1
167,3/25/2022 5:16,675,224,74,34,Honda,Honda Jazz,Hatchback,2015,192000000,172800000,sent,1
168,3/25/2022 13:17,297,225,82,16,Daihatsu,Daihatsu Ayla,Hatchback,2016,83000000,74700000,sent,1
169,3/26/2022 17:02,262,226,73,8,Toyota,Toyota Agya,Hatchback,2016,110000000,99000000,sent,1
170,3/27/2022 17:02,262,226,73,8,Toyota,Toyota Agya,Hatchback,2016,110000000,100000000,sent,1
171,3/26/2022 19:07,193,227,46,1,Toyota,Toyota Yaris,Hatchback,2016,175000000,157500000,sent,1
172,3/27/2022 22:22,638,228,51,20,Daihatsu,Daihatsu Ayla,Hatchback,2017,113000000,101700000,sent,1
173,3/27/2022 23:47,468,229,80,19,Daihatsu,Daihatsu Ayla,Hatchback,2017,115000000,103500000,sent,1
174,3/28/2022 1:33,106,230,35,10,Toyota,Toyota Agya,Hatchback,2017,115500000,103950000,sent,1
175,3/28/2022 8:58,107,231,1,2,Toyota,Toyota Yaris,Hatchback,2018,215000000,193500000,sent,1
176,3/28/2022 10:14,650,232,100,33,Honda,Honda Jazz,Hatchback,2018,216000000,194400000,sent,1
177,3/28/2022 16:37,417,233,12,31,Honda,Honda Jazz,Hatchback,2018,236000000,212400000,sent,1
178,3/28/2022 17:29,668,234,229,41,Honda,Honda Civic,Hatchback,2018,350000000,315000000,sent,1
179,3/28/2022 19:31,390,235,529,6,Toyota,Toyota Agya,Hatchback,2019,114000000,102600000,sent,1
180,3/29/2022 11:11,441,236,553,17,Daihatsu,Daihatsu Ayla,Hatchback,2019,120000000,108000000,sent,1
181,3/29/2022 19:25,584,237,361,32,Honda,Honda Jazz,Hatchback,2019,250000000,225000000,sent,1
182,3/30/2022 18:36,607,238,474,45,Honda,Honda Civic,Hatchback,2019,397500000,357750000,sent,1
183,3/30/2022 22:25,382,239,389,4,Toyota,Toyota Yaris,Hatchback,2020,220000000,198000000,sent,1
184,3/31/2022 0:28,661,240,605,9,Toyota,Toyota Agya,Hatchback,2022,155500000,139950000,sent,1
185,4/1/2022 5:03,225,241,688,9,Toyota,Toyota Agya,Hatchback,2022,155500000,139950000,sent,1
186,4/1/2022 5:18,550,242,147,27,Daihatsu,Daihatsu Xenia,MPV,2022,220500000,198450000,sent,1
187,4/1/2022 12:25,362,243,284,22,Daihatsu,Daihatsu Terios,SUV,2022,223000000,200700000,sent,1
188,4/1/2022 16:52,255,244,197,4,Toyota,Toyota Yaris,Hatchback,2020,220000000,198000000,sent,1
189,4/2/2022 4:52,653,245,328,11,Toyota,Toyota Calya,Wagon,2019,130000000,117000000,sent,1
190,4/2/2022 5:14,458,246,279,12,Toyota,Toyota Calya,Wagon,2019,137000000,123300000,sent,1
191,4/2/2022 20:16,420,247,462,6,Toyota,Toyota Agya,Hatchback,2019,114000000,102600000,sent,1
192,4/2/2022 23:59,121,248,499,32,Honda,Honda Jazz,Hatchback,2019,250000000,225000000,sent,1
193,4/3/2022 3:08,695,249,606,45,Honda,Honda Civic,Hatchback,2019,397500000,357750000,sent,1
194,4/4/2022 21:49,612,250,268,26,Daihatsu,Daihatsu Xenia,MPV,2019,170000000,153000000,sent,1
195,4/5/2022 12:43,427,251,115,23,Daihatsu,Daihatsu Terios,SUV,2019,189900000,170910000,sent,1
196,4/6/2022 12:16,491,252,144,17,Daihatsu,Daihatsu Ayla,Hatchback,2019,120000000,108000000,sent,1
197,4/7/2022 1:13,538,253,114,2,Toyota,Toyota Yaris,Hatchback,2018,215000000,193500000,sent,1
198,4/7/2022 11:33,444,254,142,50,Suzuki,Suzuki Ertiga,MPV,2018,167000000,150300000,sent,1
199,4/7/2022 14:42,152,255,318,47,Suzuki,Suzuki Ertiga,MPV,2018,178000000,160200000,sent,1
200,4/7/2022 15:30,250,256,573,33,Honda,Honda Jazz,Hatchback,2018,216000000,194400000,sent,1
201,4/7/2022 18:21,212,257,531,31,Honda,Honda Jazz,Hatchback,2018,236000000,212400000,sent,1
202,4/8/2022 22:26,587,258,602,40,Honda,Honda CR-V,SUV,2018,398500000,358650000,sent,1
203,4/8/2022 23:33,562,259,530,36,Honda,Honda CR-V,SUV,2018,415000000,373500000,sent,1
204,4/10/2022 3:59,146,260,321,41,Honda,Honda Civic,Hatchback,2018,350000000,315000000,sent,1
205,4/10/2022 9:53,294,261,475,30,Daihatsu,Daihatsu Xenia,MPV,2018,159000000,143100000,sent,1
206,4/10/2022 23:24,249,262,338,21,Daihatsu,Daihatsu Terios,SUV,2018,190000000,171000000,sent,1
207,4/12/2022 3:09,270,263,617,25,Daihatsu,Daihatsu Terios,SUV,2018,201000000,180900000,sent,1
208,4/12/2022 11:23,443,264,512,13,Toyota,Toyota Calya,Wagon,2017,115500000,103950000,sent,1
209,4/13/2022 11:23,443,264,512,13,Toyota,Toyota Calya,Wagon,2017,115500000,105950000,sent,1
210,4/13/2022 18:11,645,265,373,10,Toyota,Toyota Agya,Hatchback,2017,115500000,103950000,sent,1
211,4/13/2022 22:56,120,266,295,37,Honda,Honda CR-V,SUV,2017,345000000,310500000,sent,1
212,4/14/2022 2:31,235,267,335,28,Daihatsu,Daihatsu Xenia,MPV,2017,135000000,121500000,sent,1
213,4/14/2022 15:18,355,268,669,24,Daihatsu,Daihatsu Terios,SUV,2017,166000000,149400000,sent,1
214,4/14/2022 23:36,218,269,594,20,Daihatsu,Daihatsu Ayla,Hatchback,2017,113000000,101700000,sent,1
215,4/15/2022 2:03,673,270,507,19,Daihatsu,Daihatsu Ayla,Hatchback,2017,115000000,103500000,sent,1
216,4/15/2022 3:17,459,271,615,1,Toyota,Toyota Yaris,Hatchback,2016,175000000,157500000,sent,1
217,4/16/2022 3:17,459,271,615,1,Toyota,Toyota Yaris,Hatchback,2016,175000000,167500000,sent,1
218,4/15/2022 3:17,350,271,615,1,Toyota,Toyota Yaris,Hatchback,2016,175000000,157500000,sent,1
219,4/15/2022 3:17,215,271,615,1,Toyota,Toyota Yaris,Hatchback,2016,175000000,157500000,sent,1
220,4/16/2022 1:48,322,274,682,8,Toyota,Toyota Agya,Hatchback,2016,110000000,99000000,sent,1
221,4/16/2022 1:48,172,274,682,8,Toyota,Toyota Agya,Hatchback,2016,110000000,99000000,sent,1
222,4/16/2022 1:48,555,274,682,8,Toyota,Toyota Agya,Hatchback,2016,110000000,99000000,sent,1
223,4/16/2022 11:24,214,277,260,16,Daihatsu,Daihatsu Ayla,Hatchback,2016,83000000,74700000,sent,1
224,4/16/2022 11:24,620,277,260,16,Daihatsu,Daihatsu Ayla,Hatchback,2016,83000000,74700000,sent,1
225,4/17/2022 9:33,610,279,124,34,Honda,Honda Jazz,Hatchback,2015,192000000,172800000,sent,1
226,5/8/2022 4:57,535,339,480,43,Honda,Honda Civic,Sedan,2013,186000000,167400000,sent,1
227,5/8/2022 7:03,118,340,267,7,Toyota,Toyota Agya,Hatchback,2014,97000000,87300000,sent,1
228,5/8/2022 19:45,305,341,490,29,Daihatsu,Daihatsu Xenia,MPV,2014,100000000,90000000,sent,1
229,5/9/2022 3:33,480,342,421,3,Toyota,Toyota Yaris,Hatchback,2014,162000000,145800000,sent,1
230,5/9/2022 3:33,267,342,421,3,Toyota,Toyota Yaris,Hatchback,2014,162000000,145800000,sent,1
231,5/9/2022 8:00,490,344,452,46,Suzuki,Suzuki Ertiga,MPV,2015,125000000,112500000,sent,1
232,5/9/2022 23:30,421,345,246,34,Honda,Honda Jazz,Hatchback,2015,192000000,172800000,sent,1
233,5/9/2022 23:30,331,345,246,34,Honda,Honda Jazz,Hatchback,2015,192000000,172800000,sent,1
234,5/10/2022 17:51,452,347,624,14,Toyota,Toyota Calya,Wagon,2016,104000000,93600000,sent,1
235,5/11/2022 9:11,246,348,449,15,Toyota,Toyota Calya,Wagon,2016,107000000,96300000,sent,1
236,5/11/2022 9:11,691,348,449,15,Toyota,Toyota Calya,Wagon,2016,107000000,96300000,sent,1
237,5/12/2022 11:30,624,350,320,48,Suzuki,Suzuki Ertiga,MPV,2016,168000000,151200000,sent,1
238,5/12/2022 18:58,449,351,664,1,Toyota,Toyota Yaris,Hatchback,2016,175000000,157500000,sent,1
239,5/12/2022 21:45,131,352,396,39,Honda,Honda CR-V,SUV,2016,269000000,242100000,sent,1
240,5/13/2022 9:11,320,353,576,20,Daihatsu,Daihatsu Ayla,Hatchback,2017,113000000,101700000,sent,1
241,5/13/2022 22:50,664,354,408,19,Daihatsu,Daihatsu Ayla,Hatchback,2017,115000000,103500000,sent,1
242,5/14/2022 4:20,396,355,496,10,Toyota,Toyota Agya,Hatchback,2017,115500000,103950000,sent,1
243,5/14/2022 4:58,576,356,226,13,Toyota,Toyota Calya,Wagon,2017,115500000,103950000,sent,1
244,5/14/2022 7:31,408,357,423,28,Daihatsu,Daihatsu Xenia,MPV,2017,135000000,121500000,sent,1
245,5/14/2022 8:33,496,358,419,24,Daihatsu,Daihatsu Terios,SUV,2017,166000000,149400000,sent,1
246,5/14/2022 10:36,226,359,465,37,Honda,Honda CR-V,SUV,2017,345000000,310500000,sent,1
247,5/14/2022 10:36,423,359,465,37,Honda,Honda CR-V,SUV,2017,345000000,310500000,sent,1
248,5/14/2022 15:48,419,361,520,50,Suzuki,Suzuki Ertiga,MPV,2018,167000000,150300000,sent,1
249,5/14/2022 15:48,465,361,520,50,Suzuki,Suzuki Ertiga,MPV,2018,167000000,150300000,sent,1
250,5/15/2022 4:59,689,363,337,21,Daihatsu,Daihatsu Terios,SUV,2018,190000000,171000000,sent,1
251,5/15/2022 5:00,520,364,234,25,Daihatsu,Daihatsu Terios,SUV,2018,201000000,180900000,sent,1
252,5/16/2022 5:00,520,364,234,25,Daihatsu,Daihatsu Terios,SUV,2018,201000000,188900000,sent,1
253,5/15/2022 13:34,405,365,313,2,Toyota,Toyota Yaris,Hatchback,2018,215000000,193500000,sent,1
254,5/15/2022 22:10,337,366,698,33,Honda,Honda Jazz,Hatchback,2018,216000000,194400000,sent,1
255,5/16/2022 0:34,234,367,541,31,Honda,Honda Jazz,Hatchback,2018,236000000,212400000,sent,1
256,5/16/2022 8:30,313,368,430,41,Honda,Honda Civic,Hatchback,2018,350000000,315000000,sent,1
257,5/16/2022 16:48,698,369,471,40,Honda,Honda CR-V,SUV,2018,398500000,358650000,sent,1
258,5/16/2022 17:20,541,370,485,36,Honda,Honda CR-V,SUV,2018,415000000,373500000,sent,1
259,5/17/2022 20:14,430,371,517,6,Toyota,Toyota Agya,Hatchback,2019,114000000,102600000,sent,1
260,5/17/2022 20:26,471,372,582,17,Daihatsu,Daihatsu Ayla,Hatchback,2019,120000000,108000000,sent,1
261,5/18/2022 4:19,485,373,185,11,Toyota,Toyota Calya,Wagon,2019,130000000,117000000,sent,1
262,5/18/2022 18:15,517,374,242,12,Toyota,Toyota Calya,Wagon,2019,137000000,123300000,sent,1
263,5/19/2022 3:16,582,375,244,26,Daihatsu,Daihatsu Xenia,MPV,2019,170000000,153000000,sent,1
264,5/19/2022 10:17,185,376,551,23,Daihatsu,Daihatsu Terios,SUV,2019,189900000,170910000,sent,1
265,5/19/2022 16:09,242,377,241,32,Honda,Honda Jazz,Hatchback,2019,250000000,225000000,sent,1
266,5/19/2022 18:14,244,378,515,45,Honda,Honda Civic,Hatchback,2019,397500000,357750000,sent,1
267,5/19/2022 19:20,551,379,358,4,Toyota,Toyota Yaris,Hatchback,2020,220000000,198000000,sent,1
268,5/19/2022 19:56,241,380,697,9,Toyota,Toyota Agya,Hatchback,2022,155500000,139950000,sent,1
269,5/20/2022 11:08,515,381,476,27,Daihatsu,Daihatsu Xenia,MPV,2022,220500000,198450000,sent,1
270,5/20/2022 13:20,358,382,381,22,Daihatsu,Daihatsu Terios,SUV,2022,223000000,200700000,sent,1
271,5/20/2022 17:35,697,383,271,30,Daihatsu,Daihatsu Xenia,MPV,2018,159000000,143100000,sent,1
272,5/20/2022 21:02,476,384,687,9,Toyota,Toyota Agya,Hatchback,2022,155500000,139950000,sent,1
273,5/21/2022 8:16,381,385,104,12,Toyota,Toyota Calya,Wagon,2019,137000000,123300000,sent,1
274,5/21/2022 12:25,271,386,542,28,Daihatsu,Daihatsu Xenia,MPV,2017,135000000,121500000,sent,1
275,5/21/2022 18:15,687,387,514,11,Toyota,Toyota Calya,Wagon,2019,130000000,117000000,sent,1
276,5/22/2022 14:10,104,388,516,46,Suzuki,Suzuki Ertiga,MPV,2015,125000000,112500000,sent,1
277,5/22/2022 14:10,542,388,516,46,Suzuki,Suzuki Ertiga,MPV,2015,125000000,112500000,sent,1
278,5/25/2022 1:23,514,400,199,29,Daihatsu,Daihatsu Xenia,MPV,2014,100000000,90000000,sent,1
279,5/25/2022 1:23,516,400,199,29,Daihatsu,Daihatsu Xenia,MPV,2014,100000000,90000000,sent,1
280,5/25/2022 11:03,657,402,291,7,Toyota,Toyota Agya,Hatchback,2014,97000000,87300000,sent,1
281,5/25/2022 17:15,324,403,150,18,Daihatsu,Daihatsu Ayla,Hatchback,2015,96000000,86400000,sent,1
282,5/26/2022 1:19,563,404,379,16,Daihatsu,Daihatsu Ayla,Hatchback,2016,83000000,74700000,sent,1
283,5/26/2022 1:19,237,404,379,16,Daihatsu,Daihatsu Ayla,Hatchback,2016,83000000,74700000,sent,1
284,5/27/2022 3:46,368,406,158,15,Toyota,Toyota Calya,Wagon,2016,107000000,96300000,sent,1
285,5/27/2022 23:33,532,407,455,13,Toyota,Toyota Calya,Wagon,2017,115500000,103950000,sent,1
286,5/28/2022 4:12,493,408,316,11,Toyota,Toyota Calya,Wagon,2019,130000000,117000000,sent,1
287,5/28/2022 4:12,627,408,316,11,Toyota,Toyota Calya,Wagon,2019,130000000,117000000,sent,1
288,5/28/2022 4:12,184,408,316,11,Toyota,Toyota Calya,Wagon,2019,130000000,117000000,sent,1
289,5/29/2022 10:05,164,411,674,39,Honda,Honda CR-V,SUV,2016,269000000,242100000,sent,1
290,5/29/2022 11:27,482,412,222,24,Daihatsu,Daihatsu Terios,SUV,2017,166000000,149400000,sent,1
291,5/29/2022 21:18,199,413,253,37,Honda,Honda CR-V,SUV,2017,345000000,310500000,sent,1
292,5/30/2022 4:21,409,414,149,21,Daihatsu,Daihatsu Terios,SUV,2018,190000000,171000000,sent,1
293,5/30/2022 4:21,291,414,149,21,Daihatsu,Daihatsu Terios,SUV,2018,190000000,171000000,sent,1
294,5/30/2022 4:21,150,414,149,21,Daihatsu,Daihatsu Terios,SUV,2018,190000000,171000000,sent,1
295,5/30/2022 12:43,379,417,112,36,Honda,Honda CR-V,SUV,2018,415000000,373500000,sent,1
296,5/30/2022 14:35,613,418,145,23,Daihatsu,Daihatsu Terios,SUV,2019,189900000,170910000,sent,1
297,5/30/2022 14:35,158,418,145,23,Daihatsu,Daihatsu Terios,SUV,2019,189900000,170910000,sent,1
298,5/31/2022 19:34,455,420,694,42,Honda,Honda Civic,Sedan,2010,165000000,148500000,sent,1
299,6/1/2022 19:34,455,420,694,42,Honda,Honda Civic,Sedan,2010,165000000,159500000,sent,1
300,6/1/2022 18:47,316,421,128,44,Honda,Honda Civic,Sedan,2013,179000000,161100000,sent,1
301,6/1/2022 19:55,505,422,403,43,Honda,Honda Civic,Sedan,2013,186000000,167400000,sent,1
302,6/3/2022 13:40,453,423,351,49,Suzuki,Suzuki Ertiga,MPV,2012,100000000,90000000,sent,1
303,6/3/2022 19:58,674,424,330,29,Daihatsu,Daihatsu Xenia,MPV,2014,100000000,90000000,sent,1
304,6/4/2022 1:16,222,425,217,46,Suzuki,Suzuki Ertiga,MPV,2015,125000000,112500000,sent,1
305,6/4/2022 3:49,253,426,327,48,Suzuki,Suzuki Ertiga,MPV,2016,168000000,151200000,sent,1
306,6/4/2022 5:01,149,427,588,28,Daihatsu,Daihatsu Xenia,MPV,2017,135000000,121500000,sent,1
307,6/4/2022 16:14,641,428,165,30,Daihatsu,Daihatsu Xenia,MPV,2018,159000000,143100000,sent,1
308,6/4/2022 18:20,182,429,622,50,Suzuki,Suzuki Ertiga,MPV,2018,167000000,150300000,sent,1
309,6/5/2022 1:05,112,430,699,47,Suzuki,Suzuki Ertiga,MPV,2018,178000000,160200000,sent,1
310,6/5/2022 2:21,145,431,654,26,Daihatsu,Daihatsu Xenia,MPV,2019,170000000,153000000,sent,1
311,6/5/2022 5:55,378,432,404,27,Daihatsu,Daihatsu Xenia,MPV,2022,220500000,198450000,sent,1
312,6/6/2022 5:55,378,432,404,27,Daihatsu,Daihatsu Xenia,MPV,2022,220500000,199550000,sent,1
313,6/5/2022 6:15,694,433,679,5,Toyota,Toyota Yaris,Hatchback,2012,124000000,111600000,sent,1
314,6/5/2022 7:55,128,434,446,35,Honda,Honda Jazz,Hatchback,2013,178000000,160200000,sent,1
315,6/13/2022 2:14,403,454,181,9,Toyota,Toyota Agya,Hatchback,2022,155500000,139950000,sent,1
316,6/13/2022 13:52,351,455,298,9,Toyota,Toyota Agya,Hatchback,2022,155500000,139950000,sent,1
317,6/13/2022 17:36,330,456,415,27,Daihatsu,Daihatsu Xenia,MPV,2022,220500000,198450000,sent,1
318,6/13/2022 21:47,217,457,186,22,Daihatsu,Daihatsu Terios,SUV,2022,223000000,200700000,sent,1
319,6/14/2022 2:33,327,458,447,4,Toyota,Toyota Yaris,Hatchback,2020,220000000,198000000,sent,1
320,6/14/2022 9:17,588,459,583,11,Toyota,Toyota Calya,Wagon,2019,130000000,117000000,sent,1
321,6/14/2022 19:51,165,460,179,12,Toyota,Toyota Calya,Wagon,2019,137000000,123300000,sent,1
322,6/15/2022 3:14,622,461,252,6,Toyota,Toyota Agya,Hatchback,2019,114000000,102600000,sent,1
323,6/15/2022 12:20,699,462,445,32,Honda,Honda Jazz,Hatchback,2019,250000000,225000000,sent,1
324,6/17/2022 5:14,654,463,432,45,Honda,Honda Civic,Hatchback,2019,397500000,357750000,sent,1
325,6/17/2022 21:24,404,464,508,31,Honda,Honda Jazz,Hatchback,2018,236000000,212400000,sent,1
326,6/17/2022 21:46,679,465,309,22,Daihatsu,Daihatsu Terios,SUV,2022,223000000,200700000,sent,1
327,6/18/2022 6:58,446,466,666,27,Daihatsu,Daihatsu Xenia,MPV,2022,220500000,198450000,sent,1
328,6/19/2022 6:00,537,467,440,4,Toyota,Toyota Yaris,Hatchback,2020,220000000,198000000,sent,1
329,6/20/2022 2:27,525,468,125,33,Honda,Honda Jazz,Hatchback,2018,216000000,194400000,sent,1
330,6/20/2022 13:16,311,469,375,2,Toyota,Toyota Yaris,Hatchback,2018,215000000,193500000,sent,1
331,6/20/2022 23:48,521,470,103,25,Daihatsu,Daihatsu Terios,SUV,2018,201000000,180900000,sent,1
332,6/21/2022 10:43,239,471,232,34,Honda,Honda Jazz,Hatchback,2015,192000000,172800000,sent,1
333,6/21/2022 11:31,543,472,204,21,Daihatsu,Daihatsu Terios,SUV,2018,190000000,171000000,sent,1
334,6/21/2022 14:12,192,473,352,23,Daihatsu,Daihatsu Terios,SUV,2019,189900000,170910000,sent,1
335,6/21/2022 20:32,354,474,134,43,Honda,Honda Civic,Sedan,2013,186000000,167400000,sent,1
336,6/21/2022 20:51,625,475,173,44,Honda,Honda Civic,Sedan,2013,179000000,161100000,sent,1
337,6/22/2022 1:22,502,476,117,35,Honda,Honda Jazz,Hatchback,2013,178000000,160200000,sent,1
338,6/22/2022 2:43,656,477,428,47,Suzuki,Suzuki Ertiga,MPV,2018,178000000,160200000,sent,1
339,6/23/2022 13:07,265,478,609,1,Toyota,Toyota Yaris,Hatchback,2016,175000000,157500000,sent,1
340,6/23/2022 19:43,254,479,302,26,Daihatsu,Daihatsu Xenia,MPV,2019,170000000,153000000,sent,1
341,6/24/2022 1:41,161,480,130,48,Suzuki,Suzuki Ertiga,MPV,2016,168000000,151200000,sent,1
342,6/26/2022 2:13,438,481,219,50,Suzuki,Suzuki Ertiga,MPV,2018,167000000,150300000,sent,1
343,6/28/2022 6:45,156,482,647,24,Daihatsu,Daihatsu Terios,SUV,2017,166000000,149400000,sent,1
344,6/29/2022 5:30,261,483,659,42,Honda,Honda Civic,Sedan,2010,165000000,148500000,sent,1
345,6/29/2022 19:44,488,484,315,3,Toyota,Toyota Yaris,Hatchback,2014,162000000,145800000,sent,1
346,6/30/2022 10:52,188,485,384,30,Daihatsu,Daihatsu Xenia,MPV,2018,159000000,143100000,sent,1
347,6/30/2022 23:09,181,486,460,9,Toyota,Toyota Agya,Hatchback,2022,155500000,139950000,sent,1
348,7/2/2022 14:56,298,487,243,12,Toyota,Toyota Calya,Wagon,2019,137000000,123300000,sent,1
349,7/2/2022 21:53,415,488,621,28,Daihatsu,Daihatsu Xenia,MPV,2017,135000000,121500000,sent,1
350,7/2/2022 23:52,186,489,166,11,Toyota,Toyota Calya,Wagon,2019,130000000,117000000,sent,1
351,7/3/2022 9:04,447,490,190,46,Suzuki,Suzuki Ertiga,MPV,2015,125000000,112500000,sent,1
352,7/3/2022 21:26,583,491,365,5,Toyota,Toyota Yaris,Hatchback,2012,124000000,111600000,sent,1
353,7/4/2022 20:02,179,492,608,17,Daihatsu,Daihatsu Ayla,Hatchback,2019,120000000,108000000,sent,1
354,7/5/2022 20:02,179,492,608,17,Daihatsu,Daihatsu Ayla,Hatchback,2019,120000000,119000000,sent,1
355,7/4/2022 22:07,252,493,574,38,Honda,Honda CR-V,SUV,2009,116000000,104400000,sent,1
356,7/5/2022 2:15,445,494,635,10,Toyota,Toyota Agya,Hatchback,2017,115500000,103950000,sent,1
357,7/5/2022 15:17,432,495,113,13,Toyota,Toyota Calya,Wagon,2017,115500000,103950000,sent,1
358,7/6/2022 2:14,508,496,228,19,Daihatsu,Daihatsu Ayla,Hatchback,2017,115000000,103500000,sent,1
359,7/6/2022 17:33,309,497,393,6,Toyota,Toyota Agya,Hatchback,2019,114000000,102600000,sent,1
360,7/8/2022 10:48,666,498,614,20,Daihatsu,Daihatsu Ayla,Hatchback,2017,113000000,101700000,sent,1
361,7/9/2022 1:13,440,499,372,8,Toyota,Toyota Agya,Hatchback,2016,110000000,99000000,sent,1
362,7/9/2022 5:04,125,500,523,15,Toyota,Toyota Calya,Wagon,2016,107000000,96300000,sent,1
363,7/9/2022 21:04,375,501,472,14,Toyota,Toyota Calya,Wagon,2016,104000000,93600000,sent,1
364,7/10/2022 2:28,103,502,506,29,Daihatsu,Daihatsu Xenia,MPV,2014,100000000,90000000,sent,1
365,7/10/2022 23:38,232,503,391,49,Suzuki,Suzuki Ertiga,MPV,2012,100000000,90000000,sent,1
366,7/11/2022 1:35,204,504,572,7,Toyota,Toyota Agya,Hatchback,2014,97000000,87300000,sent,1
367,7/11/2022 7:25,352,505,518,18,Daihatsu,Daihatsu Ayla,Hatchback,2015,96000000,86400000,sent,1
368,7/12/2022 10:54,134,506,510,16,Daihatsu,Daihatsu Ayla,Hatchback,2016,83000000,74700000,sent,1
369,7/13/2022 23:13,173,507,639,18,Daihatsu,Daihatsu Ayla,Hatchback,2015,96000000,86400000,sent,1
370,7/13/2022 23:52,117,508,407,34,Honda,Honda Jazz,Hatchback,2015,192000000,172800000,sent,1
371,7/14/2022 4:31,428,509,442,16,Daihatsu,Daihatsu Ayla,Hatchback,2016,83000000,74700000,sent,1
372,7/14/2022 6:25,609,510,623,8,Toyota,Toyota Agya,Hatchback,2016,110000000,99000000,sent,1
373,7/15/2022 1:29,302,511,348,1,Toyota,Toyota Yaris,Hatchback,2016,175000000,157500000,sent,1
374,7/16/2022 2:03,130,512,487,20,Daihatsu,Daihatsu Ayla,Hatchback,2017,113000000,101700000,sent,1
375,7/16/2022 21:23,219,513,429,19,Daihatsu,Daihatsu Ayla,Hatchback,2017,115000000,103500000,sent,1
376,7/17/2022 2:09,647,514,601,10,Toyota,Toyota Agya,Hatchback,2017,115500000,103950000,sent,1
377,7/17/2022 2:39,659,515,387,2,Toyota,Toyota Yaris,Hatchback,2018,215000000,193500000,sent,1
378,7/17/2022 9:59,315,516,227,33,Honda,Honda Jazz,Hatchback,2018,216000000,194400000,sent,1
379,7/17/2022 18:48,384,517,683,31,Honda,Honda Jazz,Hatchback,2018,236000000,212400000,sent,1
380,7/18/2022 1:02,460,518,153,41,Honda,Honda Civic,Hatchback,2018,350000000,315000000,sent,1
381,7/21/2022 3:17,243,526,288,27,Daihatsu,Daihatsu Xenia,MPV,2022,220500000,198450000,sent,1
382,7/21/2022 10:31,621,527,401,22,Daihatsu,Daihatsu Terios,SUV,2022,223000000,200700000,sent,1
383,7/22/2022 10:31,621,527,401,22,Daihatsu,Daihatsu Terios,SUV,2022,223000000,211700000,sent,1
384,7/21/2022 22:55,166,528,451,4,Toyota,Toyota Yaris,Hatchback,2020,220000000,198000000,sent,1
385,7/22/2022 19:52,190,529,509,11,Toyota,Toyota Calya,Wagon,2019,130000000,117000000,sent,1
386,7/22/2022 21:04,365,530,644,12,Toyota,Toyota Calya,Wagon,2019,137000000,123300000,sent,1
387,7/22/2022 21:53,608,531,464,6,Toyota,Toyota Agya,Hatchback,2019,114000000,102600000,sent,1
388,7/23/2022 3:14,574,532,325,32,Honda,Honda Jazz,Hatchback,2019,250000000,225000000,sent,1
389,7/23/2022 13:35,635,533,347,45,Honda,Honda Civic,Hatchback,2019,397500000,357750000,sent,1
390,7/23/2022 18:08,113,534,534,26,Daihatsu,Daihatsu Xenia,MPV,2019,170000000,153000000,sent,1
391,7/24/2022 1:26,228,535,119,23,Daihatsu,Daihatsu Terios,SUV,2019,189900000,170910000,sent,1
392,7/24/2022 9:04,393,536,363,17,Daihatsu,Daihatsu Ayla,Hatchback,2019,120000000,108000000,sent,1
393,7/24/2022 11:51,614,537,306,2,Toyota,Toyota Yaris,Hatchback,2018,215000000,193500000,sent,1
394,7/24/2022 22:09,372,538,693,50,Suzuki,Suzuki Ertiga,MPV,2018,167000000,150300000,sent,1
395,7/25/2022 7:47,523,539,208,47,Suzuki,Suzuki Ertiga,MPV,2018,178000000,160200000,sent,1
396,7/25/2022 10:49,472,540,469,33,Honda,Honda Jazz,Hatchback,2018,216000000,194400000,sent,1
397,7/26/2022 19:59,506,541,122,31,Honda,Honda Jazz,Hatchback,2018,236000000,212400000,sent,1
398,7/27/2022 7:56,391,542,326,40,Honda,Honda CR-V,SUV,2018,398500000,358650000,sent,1
399,7/27/2022 19:26,572,543,539,36,Honda,Honda CR-V,SUV,2018,415000000,373500000,sent,1
400,7/28/2022 14:19,518,544,189,41,Honda,Honda Civic,Hatchback,2018,350000000,315000000,sent,1
401,7/28/2022 15:51,510,545,223,30,Daihatsu,Daihatsu Xenia,MPV,2018,159000000,143100000,sent,1
402,7/28/2022 16:35,639,546,175,21,Daihatsu,Daihatsu Terios,SUV,2018,190000000,171000000,sent,1
403,7/29/2022 0:27,407,547,686,25,Daihatsu,Daihatsu Terios,SUV,2018,201000000,180900000,sent,1
404,7/29/2022 1:59,442,548,201,13,Toyota,Toyota Calya,Wagon,2017,115500000,103950000,sent,1
405,7/30/2022 8:06,623,549,286,10,Toyota,Toyota Agya,Hatchback,2017,115500000,103950000,sent,1
406,7/30/2022 8:42,348,550,651,37,Honda,Honda CR-V,SUV,2017,345000000,310500000,sent,1
407,7/30/2022 13:47,487,551,205,28,Daihatsu,Daihatsu Xenia,MPV,2017,135000000,121500000,sent,1
408,7/30/2022 17:40,429,552,604,24,Daihatsu,Daihatsu Terios,SUV,2017,166000000,149400000,sent,1
409,7/30/2022 19:02,601,553,200,20,Daihatsu,Daihatsu Ayla,Hatchback,2017,113000000,101700000,sent,1
410,7/31/2022 21:53,387,554,162,19,Daihatsu,Daihatsu Ayla,Hatchback,2017,115000000,103500000,sent,1
411,8/1/2022 10:42,227,555,245,1,Toyota,Toyota Yaris,Hatchback,2016,175000000,157500000,sent,1
412,8/2/2022 8:49,683,556,575,14,Toyota,Toyota Calya,Wagon,2016,104000000,93600000,sent,1
413,8/2/2022 16:50,153,557,437,15,Toyota,Toyota Calya,Wagon,2016,107000000,96300000,sent,1
414,9/10/2022 5:44,233,661,448,34,Honda,Honda Jazz,Hatchback,2015,192000000,172800000,sent,1
415,9/10/2022 5:50,629,662,581,21,Daihatsu,Daihatsu Terios,SUV,2018,190000000,171000000,sent,1
416,9/10/2022 19:52,677,663,276,23,Daihatsu,Daihatsu Terios,SUV,2019,189900000,170910000,sent,1
417,9/11/2022 2:09,209,664,101,43,Honda,Honda Civic,Sedan,2013,186000000,167400000,sent,1
418,9/12/2022 10:26,285,665,558,44,Honda,Honda Civic,Sedan,2013,179000000,161100000,sent,1
419,9/14/2022 10:26,285,665,558,44,Honda,Honda Civic,Sedan,2013,179000000,171100000,sent,1
420,9/12/2022 13:39,151,666,307,35,Honda,Honda Jazz,Hatchback,2013,178000000,160200000,sent,1
421,9/12/2022 23:12,513,667,597,47,Suzuki,Suzuki Ertiga,MPV,2018,178000000,160200000,sent,1
422,9/13/2022 4:59,288,668,671,1,Toyota,Toyota Yaris,Hatchback,2016,175000000,157500000,sent,1
423,9/13/2022 9:33,401,669,643,26,Daihatsu,Daihatsu Xenia,MPV,2019,170000000,153000000,sent,1
424,9/13/2022 11:12,451,670,207,48,Suzuki,Suzuki Ertiga,MPV,2016,168000000,151200000,sent,1
425,9/13/2022 13:10,509,671,477,50,Suzuki,Suzuki Ertiga,MPV,2018,167000000,150300000,sent,1
426,9/13/2022 14:35,644,672,371,24,Daihatsu,Daihatsu Terios,SUV,2017,166000000,149400000,sent,1
427,9/13/2022 18:24,464,673,277,42,Honda,Honda Civic,Sedan,2010,165000000,148500000,sent,1
428,9/14/2022 2:34,325,674,630,3,Toyota,Toyota Yaris,Hatchback,2014,162000000,145800000,sent,1
429,9/14/2022 3:52,347,675,329,30,Daihatsu,Daihatsu Xenia,MPV,2018,159000000,143100000,sent,1
430,9/14/2022 4:29,534,676,655,9,Toyota,Toyota Agya,Hatchback,2022,155500000,139950000,sent,1
431,9/14/2022 5:53,119,677,274,12,Toyota,Toyota Calya,Wagon,2019,137000000,123300000,sent,1
432,9/14/2022 13:29,363,678,359,28,Daihatsu,Daihatsu Xenia,MPV,2017,135000000,121500000,sent,1
433,9/15/2022 1:24,306,679,526,11,Toyota,Toyota Calya,Wagon,2019,130000000,117000000,sent,1
434,9/15/2022 3:39,693,680,501,46,Suzuki,Suzuki Ertiga,MPV,2015,125000000,112500000,sent,1
435,9/15/2022 22:46,208,681,511,5,Toyota,Toyota Yaris,Hatchback,2012,124000000,111600000,sent,1
436,9/16/2022 7:34,469,682,240,17,Daihatsu,Daihatsu Ayla,Hatchback,2019,120000000,108000000,sent,1
437,9/16/2022 12:19,122,683,303,38,Honda,Honda CR-V,SUV,2009,116000000,104400000,sent,1
438,9/16/2022 18:14,326,684,141,10,Toyota,Toyota Agya,Hatchback,2017,115500000,103950000,sent,1
439,9/16/2022 23:07,539,685,171,13,Toyota,Toyota Calya,Wagon,2017,115500000,103950000,sent,1
440,9/17/2022 3:42,189,686,466,19,Daihatsu,Daihatsu Ayla,Hatchback,2017,115000000,103500000,sent,1
441,9/17/2022 15:08,223,687,248,6,Toyota,Toyota Agya,Hatchback,2019,114000000,102600000,sent,1
442,9/17/2022 16:48,175,688,304,20,Daihatsu,Daihatsu Ayla,Hatchback,2017,113000000,101700000,sent,1
443,9/17/2022 19:25,686,689,257,8,Toyota,Toyota Agya,Hatchback,2016,110000000,99000000,sent,1
444,9/18/2022 6:22,201,690,191,15,Toyota,Toyota Calya,Wagon,2016,107000000,96300000,sent,1
445,9/18/2022 7:10,286,691,398,14,Toyota,Toyota Calya,Wagon,2016,104000000,93600000,sent,1
446,9/18/2022 7:52,651,692,202,29,Daihatsu,Daihatsu Xenia,MPV,2014,100000000,90000000,sent,1
447,9/18/2022 11:06,205,693,533,49,Suzuki,Suzuki Ertiga,MPV,2012,100000000,90000000,sent,1
448,9/18/2022 16:14,604,694,230,7,Toyota,Toyota Agya,Hatchback,2014,97000000,87300000,sent,1
449,9/18/2022 22:02,200,695,105,18,Daihatsu,Daihatsu Ayla,Hatchback,2015,96000000,86400000,sent,1
450,9/19/2022 6:42,162,696,282,16,Daihatsu,Daihatsu Ayla,Hatchback,2016,83000000,74700000,sent,1
451,9/20/2022 0:33,245,697,133,18,Daihatsu,Daihatsu Ayla,Hatchback,2015,96000000,86400000,sent,1
452,9/20/2022 3:05,575,698,376,34,Honda,Honda Jazz,Hatchback,2015,192000000,172800000,sent,1
453,9/20/2022 4:59,437,699,463,16,Daihatsu,Daihatsu Ayla,Hatchback,2016,83000000,74700000,sent,1
454,9/20/2022 10:21,569,700,478,8,Toyota,Toyota Agya,Hatchback,2016,110000000,99000000,sent,1
455,9/20/2022 15:51,498,701,176,1,Toyota,Toyota Yaris,Hatchback,2016,175000000,157500000,sent,1
456,9/21/2022 15:51,498,701,176,1,Toyota,Toyota Yaris,Hatchback,2016,175000000,167500000,sent,1
457,9/21/2022 20:02,642,702,402,20,Daihatsu,Daihatsu Ayla,Hatchback,2017,113000000,101700000,sent,1
458,9/22/2022 3:35,238,703,579,19,Daihatsu,Daihatsu Ayla,Hatchback,2017,115000000,103500000,sent,1
459,9/22/2022 10:08,183,704,481,10,Toyota,Toyota Agya,Hatchback,2017,115500000,103950000,sent,1
460,9/22/2022 15:42,658,705,360,2,Toyota,Toyota Yaris,Hatchback,2018,215000000,193500000,sent,1
461,9/22/2022 16:19,649,706,410,33,Honda,Honda Jazz,Hatchback,2018,216000000,194400000,sent,1
462,9/23/2022 2:10,591,707,561,31,Honda,Honda Jazz,Hatchback,2018,236000000,212400000,sent,1
463,9/23/2022 5:31,367,708,489,41,Honda,Honda Civic,Hatchback,2018,350000000,315000000,sent,1
464,9/23/2022 7:18,370,709,314,6,Toyota,Toyota Agya,Hatchback,2019,114000000,102600000,sent,1
465,9/23/2022 14:09,461,710,343,17,Daihatsu,Daihatsu Ayla,Hatchback,2019,120000000,108000000,sent,1
466,9/23/2022 15:45,340,711,110,32,Honda,Honda Jazz,Hatchback,2019,250000000,225000000,sent,1
467,9/23/2022 15:57,216,712,109,45,Honda,Honda Civic,Hatchback,2019,397500000,357750000,sent,1
468,9/23/2022 22:32,568,713,198,4,Toyota,Toyota Yaris,Hatchback,2020,220000000,198000000,sent,1
469,9/24/2022 11:47,676,714,672,9,Toyota,Toyota Agya,Hatchback,2022,155500000,139950000,sent,1
470,9/24/2022 12:40,619,715,385,9,Toyota,Toyota Agya,Hatchback,2022,155500000,139950000,sent,1
471,9/24/2022 16:41,323,716,450,27,Daihatsu,Daihatsu Xenia,MPV,2022,220500000,198450000,sent,1
472,9/24/2022 16:46,552,717,356,22,Daihatsu,Daihatsu Terios,SUV,2022,223000000,200700000,sent,1
473,9/24/2022 20:45,595,718,221,4,Toyota,Toyota Yaris,Hatchback,2020,220000000,198000000,sent,1
474,9/25/2022 4:20,259,719,416,11,Toyota,Toyota Calya,Wagon,2019,130000000,117000000,sent,1
475,9/25/2022 11:19,524,720,135,12,Toyota,Toyota Calya,Wagon,2019,137000000,123300000,sent,1
476,9/25/2022 14:39,527,721,646,6,Toyota,Toyota Agya,Hatchback,2019,114000000,102600000,sent,1
477,9/26/2022 3:10,258,722,111,32,Honda,Honda Jazz,Hatchback,2019,250000000,225000000,sent,1
478,9/26/2022 7:30,634,723,528,45,Honda,Honda Civic,Hatchback,2019,397500000,357750000,sent,1
479,9/26/2022 8:56,310,724,155,26,Daihatsu,Daihatsu Xenia,MPV,2019,170000000,153000000,sent,1
480,9/26/2022 10:13,692,725,397,23,Daihatsu,Daihatsu Terios,SUV,2019,189900000,170910000,sent,1
481,9/26/2022 20:27,137,726,660,17,Daihatsu,Daihatsu Ayla,Hatchback,2019,120000000,108000000,sent,1
482,9/27/2022 6:49,570,727,618,2,Toyota,Toyota Yaris,Hatchback,2018,215000000,193500000,sent,1
483,9/27/2022 21:08,600,728,148,50,Suzuki,Suzuki Ertiga,MPV,2018,167000000,150300000,sent,1
484,9/27/2022 22:04,301,729,296,47,Suzuki,Suzuki Ertiga,MPV,2018,178000000,160200000,sent,1
485,9/28/2022 14:18,283,730,287,33,Honda,Honda Jazz,Hatchback,2018,216000000,194400000,sent,1
486,9/29/2022 7:13,195,731,196,31,Honda,Honda Jazz,Hatchback,2018,236000000,212400000,sent,1
487,9/29/2022 7:27,344,732,342,40,Honda,Honda CR-V,SUV,2018,398500000,358650000,sent,1
488,9/29/2022 13:11,456,733,206,36,Honda,Honda CR-V,SUV,2018,415000000,373500000,sent,1
489,9/30/2022 13:42,341,734,345,41,Honda,Honda Civic,Hatchback,2018,350000000,315000000,sent,1
490,9/30/2022 15:31,139,735,670,30,Daihatsu,Daihatsu Xenia,MPV,2018,159000000,143100000,sent,1
491,9/30/2022 16:48,497,736,577,21,Daihatsu,Daihatsu Terios,SUV,2018,190000000,171000000,sent,1
492,9/30/2022 18:02,231,737,616,25,Daihatsu,Daihatsu Terios,SUV,2018,201000000,180900000,sent,1
493,10/1/2022 14:25,418,738,685,13,Toyota,Toyota Calya,Wagon,2017,115500000,103950000,sent,1
494,10/2/2022 6:15,565,739,140,10,Toyota,Toyota Agya,Hatchback,2017,115500000,103950000,sent,1
495,10/5/2022 6:15,565,739,140,10,Toyota,Toyota Agya,Hatchback,2017,115500000,105900000,sent,1
496,10/2/2022 7:47,611,740,571,37,Honda,Honda CR-V,SUV,2017,345000000,310500000,sent,1
497,10/10/2022 12:00,632,759,567,44,Honda,Honda Civic,Sedan,2013,179000000,161100000,sent,1
498,10/11/2022 1:00,281,760,586,43,Honda,Honda Civic,Sedan,2013,186000000,167400000,sent,1
499,10/11/2022 2:01,578,761,366,5,Toyota,Toyota Yaris,Hatchback,2012,124000000,111600000,sent,1
500,10/11/2022 6:10,236,762,256,49,Suzuki,Suzuki Ertiga,MPV,2012,100000000,90000000,sent,1
501,10/11/2022 6:47,500,763,395,42,Honda,Honda Civic,Sedan,2010,165000000,148500000,sent,1
502,10/11/2022 21:27,210,764,272,38,Honda,Honda CR-V,SUV,2009,116000000,104400000,sent,1
503,10/11/2022 23:51,290,765,596,36,Honda,Honda CR-V,SUV,2018,415000000,373500000,sent,1
504,10/12/2022 3:40,454,766,559,40,Honda,Honda CR-V,SUV,2018,398500000,358650000,sent,1
505,10/12/2022 14:31,435,767,159,45,Honda,Honda Civic,Hatchback,2019,397500000,357750000,sent,1
506,10/12/2022 15:23,163,768,392,41,Honda,Honda Civic,Hatchback,2018,350000000,315000000,sent,1
507,10/12/2022 18:46,251,769,138,37,Honda,Honda CR-V,SUV,2017,345000000,310500000,sent,1
508,10/12/2022 20:13,540,770,690,39,Honda,Honda CR-V,SUV,2016,269000000,242100000,sent,1
509,10/12/2022 20:45,203,771,589,32,Honda,Honda Jazz,Hatchback,2019,250000000,225000000,sent,1
510,10/12/2022 20:50,386,772,564,31,Honda,Honda Jazz,Hatchback,2018,236000000,212400000,sent,1
511,10/13/2022 4:24,436,773,349,22,Daihatsu,Daihatsu Terios,SUV,2022,223000000,200700000,sent,1
512,10/13/2022 5:50,127,774,522,27,Daihatsu,Daihatsu Xenia,MPV,2022,220500000,198450000,sent,1
513,10/13/2022 6:09,457,775,663,4,Toyota,Toyota Yaris,Hatchback,2020,220000000,198000000,sent,1
514,10/13/2022 22:23,278,776,213,33,Honda,Honda Jazz,Hatchback,2018,216000000,194400000,sent,1
515,10/14/2022 7:58,126,777,696,2,Toyota,Toyota Yaris,Hatchback,2018,215000000,193500000,sent,1
516,10/15/2022 6:36,433,778,312,25,Daihatsu,Daihatsu Terios,SUV,2018,201000000,180900000,sent,1
517,10/15/2022 10:35,136,779,394,34,Honda,Honda Jazz,Hatchback,2015,192000000,172800000,sent,1
518,10/16/2022 10:35,136,779,394,34,Honda,Honda Jazz,Hatchback,2015,192000000,182800000,sent,1
519,10/15/2022 14:51,519,780,557,21,Daihatsu,Daihatsu Terios,SUV,2018,190000000,171000000,sent,1
520,10/15/2022 18:18,346,781,308,23,Daihatsu,Daihatsu Terios,SUV,2019,189900000,170910000,sent,1
521,10/16/2022 2:31,426,782,160,43,Honda,Honda Civic,Sedan,2013,186000000,167400000,sent,1
522,10/16/2022 17:12,636,783,700,44,Honda,Honda Civic,Sedan,2013,179000000,161100000,sent,1
523,10/16/2022 22:48,681,784,640,35,Honda,Honda Jazz,Hatchback,2013,178000000,160200000,sent,1
524,10/16/2022 23:56,548,785,353,47,Suzuki,Suzuki Ertiga,MPV,2018,178000000,160200000,sent,1
525,10/17/2022 0:27,299,786,143,1,Toyota,Toyota Yaris,Hatchback,2016,175000000,157500000,sent,1
526,10/17/2022 23:08,169,787,652,26,Daihatsu,Daihatsu Xenia,MPV,2019,170000000,153000000,sent,1
527,10/18/2022 2:03,388,788,684,48,Suzuki,Suzuki Ertiga,MPV,2016,168000000,151200000,sent,1
528,10/18/2022 16:37,580,789,289,50,Suzuki,Suzuki Ertiga,MPV,2018,167000000,150300000,sent,1
529,10/19/2022 3:46,662,790,425,24,Daihatsu,Daihatsu Terios,SUV,2017,166000000,149400000,sent,1
530,10/19/2022 4:18,129,791,380,42,Honda,Honda Civic,Sedan,2010,165000000,148500000,sent,1
531,10/19/2022 6:55,536,792,177,3,Toyota,Toyota Yaris,Hatchback,2014,162000000,145800000,sent,1
532,10/19/2022 14:29,549,793,631,30,Daihatsu,Daihatsu Xenia,MPV,2018,159000000,143100000,sent,1
533,10/20/2022 2:36,116,794,194,9,Toyota,Toyota Agya,Hatchback,2022,155500000,139950000,sent,1
534,10/20/2022 7:04,280,795,334,12,Toyota,Toyota Calya,Wagon,2019,137000000,123300000,sent,1
535,10/20/2022 14:31,590,796,333,28,Daihatsu,Daihatsu Xenia,MPV,2017,135000000,121500000,sent,1
536,10/20/2022 14:51,473,797,637,11,Toyota,Toyota Calya,Wagon,2019,130000000,117000000,sent,1
537,10/21/2022 15:02,678,798,293,46,Suzuki,Suzuki Ertiga,MPV,2015,125000000,112500000,sent,1
538,10/21/2022 20:46,470,799,377,5,Toyota,Toyota Yaris,Hatchback,2012,124000000,111600000,sent,1
539,10/22/2022 2:16,178,800,292,17,Daihatsu,Daihatsu Ayla,Hatchback,2019,120000000,108000000,sent,1
540,10/22/2022 16:20,492,801,593,38,Honda,Honda CR-V,SUV,2009,116000000,104400000,sent,1
541,10/22/2022 19:35,422,802,667,10,Toyota,Toyota Agya,Hatchback,2017,115500000,103950000,sent,1
542,10/24/2022 1:35,495,803,483,13,Toyota,Toyota Calya,Wagon,2017,115500000,103950000,sent,1
543,10/24/2022 2:11,560,804,369,19,Daihatsu,Daihatsu Ayla,Hatchback,2017,115000000,103500000,sent,1
544,10/24/2022 5:21,187,805,585,6,Toyota,Toyota Agya,Hatchback,2019,114000000,102600000,sent,1
545,10/24/2022 6:29,494,806,399,20,Daihatsu,Daihatsu Ayla,Hatchback,2017,113000000,101700000,sent,1
546,10/24/2022 13:36,157,807,220,8,Toyota,Toyota Agya,Hatchback,2016,110000000,99000000,sent,1
547,10/24/2022 17:43,317,808,383,15,Toyota,Toyota Calya,Wagon,2016,107000000,96300000,sent,1
548,10/25/2022 18:37,154,809,123,14,Toyota,Toyota Calya,Wagon,2016,104000000,93600000,sent,1
549,10/25/2022 22:23,665,810,545,29,Daihatsu,Daihatsu Xenia,MPV,2014,100000000,90000000,sent,1
550,10/26/2022 6:00,102,811,628,49,Suzuki,Suzuki Ertiga,MPV,2012,100000000,90000000,sent,1
551,10/26/2022 15:16,300,812,598,44,Honda,Honda Civic,Sedan,2013,179000000,161100000,sent,1
552,10/27/2022 5:21,167,813,424,43,Honda,Honda Civic,Sedan,2013,186000000,167400000,sent,1
553,10/27/2022 9:07,467,814,339,7,Toyota,Toyota Agya,Hatchback,2014,97000000,87300000,sent,1
554,10/27/2022 10:26,374,815,626,29,Daihatsu,Daihatsu Xenia,MPV,2014,100000000,90000000,sent,1
555,10/27/2022 15:35,357,816,603,3,Toyota,Toyota Yaris,Hatchback,2014,162000000,145800000,sent,1
556,10/27/2022 17:04,168,817,547,18,Daihatsu,Daihatsu Ayla,Hatchback,2015,96000000,86400000,sent,1
557,10/27/2022 19:00,364,818,414,46,Suzuki,Suzuki Ertiga,MPV,2015,125000000,112500000,sent,1
558,10/28/2022 5:53,132,819,269,34,Honda,Honda Jazz,Hatchback,2015,192000000,172800000,sent,1
559,10/28/2022 6:51,332,820,503,16,Daihatsu,Daihatsu Ayla,Hatchback,2016,83000000,74700000,sent,1
560,10/28/2022 14:57,448,821,546,14,Toyota,Toyota Calya,Wagon,2016,104000000,93600000,sent,1
561,10/28/2022 17:28,581,822,400,15,Toyota,Toyota Calya,Wagon,2016,107000000,96300000,sent,1
562,10/28/2022 23:22,276,823,412,11,Toyota,Toyota Calya,Wagon,2019,130000000,117000000,sent,1
563,10/29/2022 23:22,276,823,412,11,Toyota,Toyota Calya,Wagon,2019,130000000,127000000,sent,1
564,10/29/2022 4:08,101,824,556,12,Toyota,Toyota Calya,Wagon,2019,137000000,123300000,sent,1
565,10/29/2022 6:02,558,825,264,6,Toyota,Toyota Agya,Hatchback,2019,114000000,102600000,sent,1
566,10/29/2022 17:02,307,826,336,32,Honda,Honda Jazz,Hatchback,2019,250000000,225000000,sent,1
567,10/30/2022 3:25,597,827,599,45,Honda,Honda Civic,Hatchback,2019,397500000,357750000,sent,1
568,10/30/2022 4:39,671,828,247,26,Daihatsu,Daihatsu Xenia,MPV,2019,170000000,153000000,sent,1
569,10/30/2022 4:39,643,828,247,26,Daihatsu,Daihatsu Xenia,MPV,2019,170000000,153000000,sent,1
570,10/30/2022 4:39,207,828,247,26,Daihatsu,Daihatsu Xenia,MPV,2019,170000000,153000000,sent,1
571,12/28/2022 17:23,477,974,675,46,Suzuki,Suzuki Ertiga,MPV,2015,125000000,112500000,sent,1
572,12/29/2022 1:38,371,975,229,5,Toyota,Toyota Yaris,Hatchback,2012,124000000,111600000,sent,1
573,12/30/2022 1:38,371,975,229,5,Toyota,Toyota Yaris,Hatchback,2012,124000000,121600000,sent,1
574,12/29/2022 2:53,277,976,529,17,Daihatsu,Daihatsu Ayla,Hatchback,2019,120000000,108000000,sent,1
575,12/29/2022 10:42,630,977,553,38,Honda,Honda CR-V,SUV,2009,116000000,104400000,sent,1
576,12/29/2022 15:47,329,978,361,10,Toyota,Toyota Agya,Hatchback,2017,115500000,103950000,sent,1
577,12/29/2022 18:44,655,979,474,13,Toyota,Toyota Calya,Wagon,2017,115500000,103950000,sent,1
578,12/29/2022 18:53,274,980,389,19,Daihatsu,Daihatsu Ayla,Hatchback,2017,115000000,103500000,sent,1
579,12/30/2022 12:34,359,981,605,6,Toyota,Toyota Agya,Hatchback,2019,114000000,102600000,sent,1
580,12/30/2022 17:47,526,982,688,20,Daihatsu,Daihatsu Ayla,Hatchback,2017,113000000,101700000,sent,1
581,12/30/2022 19:21,501,983,147,8,Toyota,Toyota Agya,Hatchback,2016,110000000,99000000,sent,1
582,12/31/2022 6:28,511,984,284,15,Toyota,Toyota Calya,Wagon,2016,107000000,96300000,sent,1
583,12/31/2022 9:51,240,985,197,14,Toyota,Toyota Calya,Wagon,2016,104000000,93600000,sent,1
584,12/31/2022 17:50,303,986,328,29,Daihatsu,Daihatsu Xenia,MPV,2014,100000000,90000000,sent,1
585,1/1/2023 14:16,141,987,279,49,Suzuki,Suzuki Ertiga,MPV,2012,100000000,90000000,sent,1
586,1/1/2023 15:32,171,988,462,7,Toyota,Toyota Agya,Hatchback,2014,97000000,87300000,sent,1
587,1/1/2023 17:36,466,989,499,18,Daihatsu,Daihatsu Ayla,Hatchback,2015,96000000,86400000,sent,1
588,1/1/2023 19:56,248,990,606,16,Daihatsu,Daihatsu Ayla,Hatchback,2016,83000000,74700000,sent,1
589,1/2/2023 0:26,304,991,268,18,Daihatsu,Daihatsu Ayla,Hatchback,2015,96000000,86400000,sent,1
590,1/2/2023 11:57,257,992,115,34,Honda,Honda Jazz,Hatchback,2015,192000000,172800000,sent,1
591,1/2/2023 19:41,191,993,144,16,Daihatsu,Daihatsu Ayla,Hatchback,2016,83000000,74700000,sent,1
592,1/3/2023 2:28,398,994,114,8,Toyota,Toyota Agya,Hatchback,2016,110000000,99000000,sent,1
593,1/3/2023 5:30,202,995,142,1,Toyota,Toyota Yaris,Hatchback,2016,175000000,157500000,sent,1
594,1/3/2023 10:24,533,996,318,20,Daihatsu,Daihatsu Ayla,Hatchback,2017,113000000,101700000,sent,1
595,1/3/2023 10:43,230,997,573,19,Daihatsu,Daihatsu Ayla,Hatchback,2017,115000000,103500000,sent,1
596,1/4/2023 1:07,105,998,531,10,Toyota,Toyota Agya,Hatchback,2017,115500000,103950000,sent,1
597,1/4/2023 4:04,282,999,602,2,Toyota,Toyota Yaris,Hatchback,2018,215000000,193500000,sent,1
598,1/4/2023 11:32,133,1000,530,33,Honda,Honda Jazz,Hatchback,2018,216000000,194400000,sent,1
599,1/4/2023 11:32,376,1000,530,33,Honda,Honda Jazz,Hatchback,2018,216000000,194400000,sent,1
